{"stats": [0.00022695733510892397, 0.0010273995013513248, 0.0, -1.0, 0.0002361610337260233, 0.0030054644808743167, 0.01366120218579235, 0.0, -1.0, 0.0030054644808743167], "text_labels": ["AP", "AP0.5", "AP0.75", "APM", "APL", "AR", "AR0.5", "AR0.75", "ARM", "ARL"], "args": ["C:\\Users\\osour\\AppData\\Local\\Packages\\PythonSoftwareFoundation.Python.3.10_qbz5n2kfra8p0\\LocalCache\\local-packages\\Python310\\site-packages\\openpifpaf\\eval.py", "--dataset=custom_animal", "--checkpoint=shufflenetv2k30-animalpose", "--batch-size=1", "--loader-workers=8", "--seed-threshold=0.01", "--instance-threshold=0.01"], "version": "0.13.11", "dataset": "custom_animal", "total_time": 355.82238349999534, "checkpoint": "shufflenetv2k30-animalpose", "count_ops": [-1, -1], "file_size": 122001185, "n_images": 305, "decoder_time": 2.272236399963731, "nn_time": 351.2831992000283}